income,debt,num_credit_cards,payment_history_score,age,creditworthy
67450.7123,29194.84349,3,799,55,0
57926.03548,25397.06946,3,654,28,0
69715.32807,18477.04296,3,784,44,1
82845.44785,12824.50578,4,510,39,0
56487.69938,23585.78651,5,343,56,0
56487.94565,21147.88308,5,840,63,1
83688.19223,25161.54576,2,391,47,0
71511.52094,23081.37441,5,564,52,0
52957.88421,26396.42172,5,519,34,0
68138.40065,13718.11831,3,741,38,1
53048.73461,28539.15253,3,700,48,0
53014.0537,19580.79684,2,699,49,1
63629.43407,34602.08698,1,789,36,0
31300.79633,12486.49746,2,784,55,0
34126.23251,31887.71043,2,769,51,0
51565.68706,19583.28627,4,744,24,1
44807.53319,12788.65597,4,568,57,0
64713.70999,14128.91333,2,566,37,0
46379.63887,15437.22153,2,353,59,0
38815.44448,21393.32757,2,827,46,0
81984.73153,22182.6839,5,819,59,1
56613.35549,13410.39997,4,358,61,0
61012.92307,17805.16326,2,339,24,0
38628.77721,35138.16287,3,536,50,0
51834.25913,31820.34536,3,685,50,0
61663.83885,21490.58936,5,599,42,0
42735.09634,18304.02783,5,694,31,0
65635.47028,18960.25061,1,506,22,0
50990.41965,22908.14378,1,635,64,1
55624.59375,9817.659478,1,813,32,1
50974.40082,15940.9877,5,477,50,0
87784.17277,4651.327409,5,695,56,1
59797.54163,21193.78498,5,670,38,1
44134.33607,23177.56752,3,617,46,0
72338.17368,14134.5083,5,668,27,1
41687.34525,30591.89411,3,683,21,0
63132.95393,8193.874696,1,361,46,0
30604.94814,6285.000958,1,804,43,0
40077.20927,19795.61455,1,538,46,0
62952.91854,26376.78642,2,494,26,0
71076.9987,31471.42153,2,521,26,0
62570.52422,14328.9259,4,360,64,0
58265.27576,26629.44667,4,428,28,0
55483.44457,17691.93224,4,455,44,0
37822.17014,16618.9816,2,677,42,0
49202.33687,25069.2795,2,736,39,0
53090.41844,23218.58303,4,506,57,0
75856.83339,5388.862744,4,687,38,1
65154.27434,29812.3228,5,779,51,0
33554.39767,29040.73083,4,639,57,0
64861.25954,12995.49839,5,639,50,1
54223.76579,21166.42827,3,503,62,0
49846.17,21952.24149,2,460,53,0
69175.14433,20085.39013,4,839,30,1
75464.99284,13597.55877,2,691,57,1
73969.20179,12627.01306,2,833,32,1
47411.73715,17795.56743,2,369,50,0
55361.81436,27381.83215,3,704,47,0
64968.95147,22348.80124,1,816,59,1
74633.17691,15035.08534,4,419,29,0
52812.38643,24173.58969,1,516,41,0
57215.11535,0,1,355,32,0
43404.97539,27190.1256,1,665,49,0
42056.90064,4082.28977,2,803,53,0
72187.88734,15100.47247,5,754,63,1
80343.60043,9042.640843,2,403,35,0
58919.84818,7642.548194,2,376,22,0
75052.99347,27286.6143,1,529,59,0
65424.54038,14258.39039,2,557,64,0
50323.20368,20772.03105,1,563,38,0
65420.93408,17624.63537,5,630,23,1
83070.5485,21816.32662,4,481,27,0
59462.60941,18614.57513,1,849,63,1
83469.65484,7736.062206,5,326,38,0
20703.82344,25970.13456,4,575,64,0
72328.53757,14049.94733,3,598,58,0
61305.70602,5547.344811,1,390,57,0
55514.88974,14575.07871,1,779,53,1
61376.41165,30006.07833,3,757,64,0
30186.46628,24801.77394,3,750,51,0
56704.92168,15210.78292,1,664,31,1
65356.68857,15205.93837,3,650,24,1
82168.41067,15426.91959,2,699,38,1
52225.94673,34613.98387,4,552,24,0
47872.59596,21055.48362,4,758,54,0
52473.64435,21440.33318,4,798,49,1
73731.03177,26242.26763,2,807,44,0
64931.26664,19910.31327,3,603,42,1
52053.59694,15927.66283,5,800,22,1
67699.0115,16429.20121,3,465,64,0
61456.16324,17427.18992,1,714,26,1
74529.67486,17702.22211,4,761,62,1
49469.20359,23821.03635,3,413,45,0
55085.0678,18415.56709,5,732,41,1
54118.3777,23861.12062,1,655,36,1
38047.27578,17354.26736,2,506,51,0
64441.80416,18629.08152,2,534,34,0
63915.82908,2014.394524,5,741,59,1
60076.70185,25330.6214,1,654,48,0
56481.193,20771.90781,4,814,52,1
38769.43887,25984.08088,3,507,48,0
53690.32016,0,1,424,29,0
54859.28225,34706.99764,2,437,42,0
47965.84096,16883.28297,5,638,52,0
57580.71433,26865.46253,5,836,25,0
66060.76285,9680.752583,3,367,43,0
88292.78852,22902.19124,5,840,25,1
62618.66719,9572.675495,5,682,62,1
63863.25586,13009.84831,1,318,52,0
58883.31126,33312.25083,4,749,30,0
31218.43177,16474.54079,3,373,59,0
59602.29187,19739.46299,1,575,35,0
60903.45315,24960.54185,4,347,27,0
96948.63169,21965.4551,1,510,49,0
57114.58553,19203.35124,1,839,23,1
64523.21014,20919.68802,5,490,39,0
59479.32345,37227.32468,4,614,30,0
42469.82944,17539.04962,3,412,48,0
77142.34222,19608.79237,3,469,49,0
71278.99549,26405.23517,4,767,35,0
71865.47921,26844.20746,5,313,55,0
46359.18818,27496.24244,2,587,26,0
81041.91466,23109.84178,1,488,32,0
38972.23406,8855.960698,5,454,58,0
68802.85641,31067.45226,4,770,33,0
92856.83439,8829.236856,1,374,49,0
45141.95512,20421.08372,3,576,39,0
51505.53406,11965.7932,2,642,23,1
61494.77048,17486.89323,3,724,28,1
52447.86519,20630.09928,4,810,28,1
36740.04853,20570.85772,1,481,40,0
61028.44462,21375.36603,4,757,24,1
44065.44429,30909.69015,1,363,41,0
67103.88646,21628.27441,5,559,23,0
46208.63649,16046.74692,2,492,28,0
83249.01608,25712.69735,5,705,43,0
48251.20061,27515.76391,5,392,36,0
55169.07726,8179.137479,4,729,33,1
72202.75826,22779.20056,2,733,23,1
41537.03525,23609.38194,1,703,29,0
63411.89902,15619.49197,1,733,34,1
79607.14131,29005.65451,3,411,33,0
35887.75148,16799.5553,1,674,27,0
62769.50788,19004.61163,4,358,35,0
63898.24191,16615.42541,5,342,27,0
71727.34308,18124.63238,5,506,58,0
41445.73934,9229.799305,5,595,54,0
40193.1508,6479.592939,2,417,61,0
67829.12348,30756.04051,1,831,42,0
64454.7701,11224.30921,4,521,44,0
63757.39276,10068.8612,2,465,57,0
65196.72314,772.8790912,3,455,64,0
49799.62918,12888.30602,4,483,21,0
63483.80546,7415.281653,4,389,30,0
64396.0871,31136.12128,4,393,63,0
49284.72873,26078.53671,5,312,36,0
87986.61767,12494.79724,4,737,28,1
67107.49381,36019.48644,1,837,45,0
42130.44754,25854.1239,4,449,32,0
69848.30413,15401.34893,5,307,45,0
45379.77495,0,4,328,37,0
71806.26906,36327.54058,3,595,46,0
77378.93369,6883.420266,3,639,34,1
47689.76522,4836.810024,5,738,61,0
74450.64194,26180.56346,1,443,56,0
66191.7139,37518.01925,1,818,43,0
72330.9024,29074.18255,2,344,63,0
88451.89474,22511.27296,5,538,26,0
56319.17826,22758.03473,4,454,25,0
48693.95753,24827.32447,5,480,63,0
46657.28356,24071.42872,2,514,45,0
47762.84573,20249.53139,5,387,38,0
58843.47436,18833.60883,5,555,33,0
65117.27962,17499.25498,2,810,63,1
64150.36199,11968.28329,1,372,34,0
72407.74874,15754.59939,4,478,48,0
60195.02838,4456.345486,2,511,38,0
81803.01116,17213.28299,3,533,48,0
56030.1475,10091.27114,1,764,47,1
100802.5375,9171.285462,3,522,52,0
69385.01022,19439.15321,1,563,29,0
47142.63665,29136.01829,4,506,60,0
43936.61253,25346.53285,4,665,52,0
67237.08623,5435.995171,5,575,40,0
56648.05822,10082.97491,3,679,48,1
70710.00741,25526.1695,1,608,53,0
67098.56437,10140.10085,4,567,24,0
58907.56631,16202.9348,2,363,54,0
47298.09423,22400.41679,4,649,23,0
37277.29163,10253.24436,2,793,46,0
53302.27572,18843.00405,1,822,28,1
72845.98191,7327.796041,4,397,26,0
63211.40616,13189.05885,4,370,36,0
41313.91832,20558.25547,1,663,44,0
62597.71389,5256.050132,4,575,59,0
65779.7607,21523.7979,2,349,50,0
46742.13846,17842.89761,4,657,33,0
62305.87659,22419.91964,3,784,25,1
60873.13078,19791.31307,5,383,45,0
42855.44553,28913.12344,2,595,40,0
65366.81041,19001.79602,3,535,38,0
68411.7679,14564.75567,1,355,38,0
76245.76865,18978.38002,2,659,22,1
75807.03078,22346.38423,5,409,30,0
39334.95948,18390.88056,5,491,32,0
45932.6244,18324.73353,1,392,33,0
67725.52901,12384.0665,1,359,31,0
67706.78926,12696.79266,2,338,39,0
67725.71529,6779.157826,4,839,55,1
117790.9724,31996.61395,1,348,59,0
68563.35766,8049.094117,4,719,46,1
77033.4846,12456.75842,3,312,34,0
74310.02645,12252.74188,5,335,64,0
69770.86877,25159.39502,4,400,44,0
55270.96133,15640.40257,5,385,61,0
71384.53831,27981.93658,4,815,21,0
48407.62178,12612.07501,3,522,63,0
56447.7209,20231.9533,1,637,42,1
52719.54678,11317.22357,3,465,43,0
61228.11209,35161.19302,1,682,39,0
94719.8785,8499.212648,1,675,38,1
31991.02211,20478.56568,5,770,32,0
70293.90286,23070.21505,3,330,48,0
35809.26193,21310.39278,4,674,48,0
52921.02201,16517.69873,3,310,53,0
76334.25895,16961.4344,5,601,39,1
60964.20029,18350.49178,1,395,48,0
43833.82833,16823.98399,5,489,57,0
49270.44436,25711.03293,2,752,46,0
70193.96623,35684.18401,2,491,55,0
49044.50052,13540.06572,4,785,54,0
63246.87884,7041.576163,5,565,55,0
60683.5776,17293.74361,4,723,60,1
50225.99479,38637.6747,4,427,36,0
92159.16134,11570.60346,2,537,58,0
69508.78533,31112.93444,4,654,33,0
29622.8612,31421.60651,2,411,43,0
62796.81472,13571.29407,1,745,42,1
50073.20303,22551.86463,5,642,36,1
72786.50002,31027.17299,4,444,48,0
48112.18892,14966.97807,2,364,55,0
58278.95338,16371.35712,3,546,28,0
67574.80918,13346.55269,4,789,64,1
72986.32791,9881.946154,1,738,42,1
41995.55389,12805.77964,1,405,41,0
54982.48146,8208.477866,3,480,46,0
52875.82033,18272.66775,2,483,60,0
50200.06151,11840.21415,4,525,41,0
86481.8136,19870.28729,2,388,45,0
66074.72566,5552.83483,1,829,61,1
41086.74068,20647.04186,2,670,21,0
73767.92921,24668.23169,1,698,26,1
91832.34296,2050.114859,2,405,43,0
75486.97891,20992.45256,3,570,43,0
37209.45051,27821.35194,5,802,63,0
52736.48891,8322.87185,3,824,63,1
79003.66724,31380.57909,3,331,43,0
49384.95802,21352.15207,5,692,52,0
66657.29142,12359.90515,5,339,50,0
71619.5108,17553.84738,4,517,33,0
46096.04293,22466.6153,4,381,63,0
59107.11966,18608.04313,3,500,38,0
15000,22310.04794,3,746,43,0
44634.18538,10634.61126,1,727,35,0
56211.47773,19354.88659,1,337,53,0
41283.25227,6690.284025,4,510,41,0
84486.16956,17110.19151,4,743,59,1
38547.87933,10768.73887,1,626,43,0
53399.3327,12115.76046,1,526,47,0
61961.10866,27888.7454,2,347,64,0
81619.09934,26730.48096,2,317,38,0
38462.06773,22873.10497,1,738,44,0
77447.45628,9261.497883,2,486,60,0
60153.49592,15468.7324,5,644,62,1
45277.37023,27704.7816,4,523,27,0
66931.55211,19133.73531,4,787,40,1
62985.89543,36554.63632,1,528,47,0
50996.74684,21146.54272,3,689,26,1
61047.03127,19536.39293,1,487,47,0
54220.29605,15527.06829,2,569,29,0
61702.76018,19068.32724,3,609,51,1
69931.96012,16780.24131,2,431,41,0
83790.25224,23664.86941,5,371,46,0
41432.76752,25653.61853,2,486,60,0
91995.50062,11712.08432,5,785,33,1
30718.68301,7350.136372,5,490,43,0
57723.22357,3310.357015,2,721,40,1
68824.7581,22063.93062,2,419,57,0
64214.87802,9173.067151,5,519,48,0
50659.5072,776.8752564,3,352,37,0
56878.16624,21108.62884,5,750,48,1
52604.98598,37943.99614,4,711,61,0
51159.52865,17951.43271,5,536,22,0
72744.03146,24707.9262,3,705,45,1
65355.23229,18654.63487,4,721,61,1
49606.35607,17208.88277,1,546,26,0
73493.99813,25352.61186,1,371,31,0
64609.49281,15677.80365,3,484,58,0
72192.93178,20139.13851,5,305,26,0
69444.43263,20573.58245,2,505,31,0
47565.07484,12655.27637,3,843,34,0
51597.2844,25936.3388,4,686,22,0
71209.40408,16600.32195,4,375,60,0
69155.55398,11954.03872,1,476,23,0
59686.47609,22292.07875,4,648,55,1
61759.91075,10812.25615,3,554,53,0
79164.97344,18225.44926,4,607,44,1
51126.42917,17927.04803,3,644,39,1
68206.46072,26687.16453,2,426,38,0
56967.11021,21797.58586,1,586,44,0
56734.78195,17799.78433,4,786,55,1
76481.65278,24542.13039,3,682,21,1
72381.24523,29121.66039,5,705,56,0
72202.64454,22462.48245,1,687,45,1
79582.18211,18082.82096,2,824,63,1
60315.05762,7505.310141,3,575,54,0
70229.29457,9479.090695,2,799,45,1
55345.99865,15558.20237,2,636,36,1
64862.49529,13123.90238,4,780,54,1
58047.85418,16504.22958,4,572,49,0
61454.93947,18453.1994,3,357,39,0
68927.35538,22237.54203,5,627,43,1
47726.68975,17436.00978,3,408,39,0
91385.80914,21892.01315,5,578,45,0
44909.73928,18515.79532,2,627,36,0
41787.17081,2196.267469,1,614,29,0
77371.6631,10485.31685,3,773,21,1
71874.94041,16847.29955,3,410,62,0
69361.79726,8322.442057,5,528,39,0
69425.18264,22799.42984,2,796,53,1
59816.29841,30246.00666,2,455,54,0
46541.18443,27750.09481,5,772,36,0
61137.06837,16292.45703,2,571,64,0
49842.57433,29925.80909,4,301,60,0
74626.796,19189.33966,1,810,38,1
57794.13928,15303.31223,3,585,54,0
47617.54205,13092.77869,1,312,45,0
55179.21238,15580.24251,3,797,26,1
66193.97181,14894.58545,4,537,41,0
51544.13171,19363.32978,2,393,26,0
47666.69407,19284.59185,5,637,52,0
63655.30817,18024.36816,4,470,61,0
63674.49857,21495.50536,1,766,63,1
52395.85237,27525.1702,5,442,59,0
52934.42542,25596.43308,2,500,51,0
63480.74906,6120.816252,4,479,62,0
38278.73488,0,5,663,30,0
38888.04338,25474.55929,4,778,50,0
49223.33668,7064.970413,4,770,38,0
56798.29272,16201.87678,2,683,44,1
64663.61348,8639.095792,3,716,29,1
82130.34325,3584.156499,5,607,51,1
72864.89435,22331.70183,2,666,35,1
57600.92205,24073.24128,4,300,24,0
59714.75688,13387.91679,2,343,60,0
44962.05953,0,3,397,29,0
59722.30296,13630.04441,5,564,29,0
55670.12042,21134.43204,3,439,46,0
64840.77841,6168.70745,1,780,24,1
47591.53585,19466.87936,5,536,37,0
67790.19771,17877.52121,3,371,36,0
82991.0837,22634.332,4,489,35,0
58368.59777,18956.64295,5,567,55,0
66025.67583,10215.44847,5,620,25,1
70352.15988,27572.57201,2,406,25,0
53981.69292,16731.76342,4,531,40,0
63361.38723,17781.56368,1,341,35,0
60188.88601,10533.85633,3,438,38,0
61465.14148,14453.74199,2,572,22,0
48404.85324,10921.57829,3,780,49,0
60367.65261,16616.43152,1,715,33,1
67469.97437,31693.66784,1,805,24,0
81767.15412,7024.790857,5,723,62,1
74389.06239,5091.508817,1,706,30,1
92297.73686,29769.36262,3,689,51,0
48489.78656,16325.41058,4,641,61,0
73084.80955,12647.41809,4,792,28,1
62750.13009,26319.2375,5,491,23,0
92847.044,13155.07568,3,798,29,1
47875.52572,32608.07771,3,532,50,0
47404.17237,23423.40697,1,526,31,0
51009.11032,14096.70873,3,670,55,1
28141.56414,35258.46571,2,438,57,0
52113.67467,13154.28062,1,448,62,0
48613.01008,23936.76298,2,414,33,0
62255.9068,20394.34064,5,749,56,1
65126.33964,28413.93032,4,362,33,0
88142.56259,30492.08957,5,403,32,0
74256.35757,18256.03319,4,572,57,0
51346.44517,11972.65704,5,305,30,0
46523.77993,21679.77714,3,446,29,0
67378.78757,12578.27704,2,483,27,0
40196.50189,34107.09798,4,327,22,0
87471.88149,19092.28265,1,849,43,1
77691.60181,15077.42759,2,418,59,0
52962.36522,19477.44245,1,592,60,0
34302.98206,7222.989684,2,670,59,0
80308.08561,10227.08769,2,543,41,0
58281.90232,27603.31126,5,517,43,0
78567.24468,12744.84577,4,476,49,0
36083.58512,9624.712139,4,598,34,0
51009.37466,22293.22202,2,357,46,0
60078.6555,27485.63324,3,568,25,0
60704.70891,23751.62649,3,607,51,1
53249.01793,25968.38149,1,587,45,0
69342.74899,11945.63929,1,404,51,0
43985.69356,6625.514666,5,527,40,0
57864.30772,30010.66922,2,546,64,0
61804.43448,15418.56129,1,793,37,1
67716.58251,15993.33587,1,382,22,0
70674.22317,28625.55313,2,485,45,0
43130.36862,22449.84008,5,551,33,0
36988.28744,21647.10218,1,654,59,0
79165.15233,35320.01876,5,509,48,0
64984.71018,12851.85416,4,746,62,1
48772.70195,25422.72102,5,759,26,0
83267.27963,18456.105,3,771,23,1
61735.11951,20148.73823,3,669,55,1
77689.45776,30227.74741,5,791,38,0
61012.77722,22062.68605,3,436,31,0
90911.21887,22306.36863,4,666,40,1
86330.11264,26580.0587,2,483,25,0
56265.53777,15080.37816,3,586,39,0
74573.56426,11286.32266,3,771,42,1
69680.63924,9641.526448,5,674,39,1
80529.47336,2269.147285,4,836,36,1
45526.14809,34449.65704,2,810,44,0
70290.7719,9174.333074,5,549,61,0
75876.3673,16229.97101,5,809,24,1
33618.9077,15785.4936,4,372,35,0
42251.12231,20459.25358,2,581,45,0
29411.51733,24525.8977,4,659,64,0
55958.89748,24883.78791,2,309,55,0
70763.13384,13335.38049,4,510,34,0
82535.35578,16663.02629,5,451,39,0
61111.42171,20260.6396,5,304,58,0
84429.23318,16010.47099,1,494,56,0
39298.47813,30858.76461,3,582,27,0
34449.26341,21927.79961,4,763,50,0
59166.78452,23879.02229,1,412,39,0
65760.98173,23303.05015,3,570,45,0
59509.57878,27387.79086,4,462,36,0
28988.3685,19448.17247,2,759,60,0
58663.19941,7625.344416,3,404,28,0
40432.95749,21197.50361,5,581,38,0
70045.08823,12789.14485,1,461,48,0
65498.97369,13771.06655,3,650,36,1
45901.80321,22690.91215,3,733,39,0
52291.99624,27906.26457,5,439,62,0
44111.79717,18170.17261,4,770,37,0
59059.81354,20470.6641,2,431,33,0
74327.13481,31617.71956,5,386,27,0
45214.1093,19926.02544,2,482,47,0
67560.69773,38813.46491,4,667,30,0
52046.13572,22524.07717,3,428,54,0
48106.90752,3913.897927,2,545,56,0
58394.5446,24026.73297,1,677,45,1
44471.36516,21049.26708,1,448,26,0
51695.26042,28318.02203,5,732,44,0
42031.83161,23385.45081,4,768,38,0
89470.87699,16892.35213,5,745,43,1
60528.95328,8205.61411,5,780,26,1
49504.11738,16327.81394,5,593,49,0
63209.69866,11195.83637,1,442,45,0
58315.07925,13355.8124,1,549,37,0
56685.45601,22708.62724,5,601,44,1
69212.5005,31359.23603,1,324,31,0
71362.61565,21157.37224,4,369,46,0
52042.48279,8432.935504,5,411,54,0
51362.72639,21556.82135,1,663,48,1
55874.22454,27573.05189,2,602,23,0
25471.18253,13121.73677,5,770,31,0
37272.13407,16927.86267,5,390,58,0
80503.11401,18117.50556,4,829,34,1
84674.5157,11720.8135,3,491,46,0
56264.45941,23186.24347,3,541,41,0
68648.35445,17032.41481,4,437,59,0
64668.75232,21356.25955,4,644,50,1
106183.2121,10900.06258,4,479,28,0
76793.62367,14500.3336,3,802,40,1
58081.23613,23779.05086,4,502,52,0
45666.89339,15017.33478,1,491,42,0
35903.3052,31815.71081,5,304,27,0
63051.95454,14802.91052,5,536,29,0
48654.73882,19797.47781,2,610,21,0
38666.19436,25460.72665,2,848,49,0
50301.40674,6653.074137,5,355,28,0
43776.77995,3913.529504,1,742,24,0
85307.12453,5794.749483,3,536,55,0
73224.59635,28100.67283,3,496,23,0
59880.41038,13585.13483,1,813,60,1
82199.16208,38465.59429,3,748,27,0
61160.52461,13486.01921,4,659,47,1
47080.73698,19476.41043,5,329,21,0
82846.86116,30336.87962,5,407,47,0
68083.65066,34048.74311,1,744,36,0
44441.30769,34492.02861,3,737,58,0
57144.91983,27666.92984,2,756,27,0
46865.7262,26192.50021,2,794,64,0
39258.00404,22740.21559,3,546,43,0
73892.66321,24226.88861,2,842,61,1
88641.24961,13590.51427,1,738,31,1
39021.48639,11454.40893,1,577,62,0
68444.53855,17973.00434,3,410,53,0
50240.36146,16638.52302,2,684,56,1
52693.11924,14374.17561,1,490,57,0
51114.09114,23571.09958,1,789,61,1
47040.13845,25642.44167,4,725,37,0
60727.82442,18707.25509,4,704,55,1
47535.74825,29820.24065,1,634,25,0
64056.85239,8866.487087,3,508,52,0
59246.42836,16450.72433,5,321,23,0
56415.7793,12265.42144,5,507,55,0
46386.54507,3067.707063,1,307,34,0
51348.43004,17338.55451,1,828,51,1
71330.86839,17026.01993,1,465,51,0
67513.75781,30107.59795,3,795,37,0
45336.67133,23046.49348,4,728,44,0
61489.98458,9806.505405,1,462,43,0
71270.80685,32832.74053,1,665,38,0
34958.92078,27768.26956,2,825,34,0
68150.40289,22656.78163,3,538,35,0
50060.64362,16188.12721,1,371,35,0
68558.98003,10324.48611,2,744,26,1
48551.11265,15022.34579,5,808,47,0
32926.76849,26709.98896,1,568,35,0
35586.86343,33076.69045,1,714,56,0
60721.2742,30345.94823,2,544,28,0
63895.83753,14089.20463,3,359,35,0
46435.25062,9043.060534,1,305,23,0
69578.88688,19127.08998,5,706,33,1
35077.19907,3852.485075,1,516,61,0
59008.80302,20585.34171,5,325,54,0
41834.757,16819.17931,4,304,44,0
50222.45838,14271.70799,4,831,60,1
60710.98007,5242.375462,5,689,52,1
47093.79952,22108.80085,3,747,52,0
54231.66684,13738.39328,1,445,50,0
75094.39214,8640.665314,1,687,33,1
51346.62196,0,4,548,21,0
72535.38168,17779.88076,5,825,54,1
43054.39718,32178.01277,1,761,35,0
67947.06267,31290.07372,1,312,64,0
81623.52931,14343.22995,3,683,34,1
22925.3325,13182.30352,2,698,49,0
48046.57117,21750.19405,4,318,54,0
68656.08191,10012.91649,4,790,38,1
56954.31921,20414.3352,2,718,27,1
65567.1881,24128.64223,1,636,49,1
50940.2222,27815.46579,3,718,51,0
61298.84681,17198.76739,3,421,45,0
57664.84147,16370.61,4,731,58,1
77516.73092,10976.13931,3,343,34,0
63816.31265,11384.95717,2,616,28,1
65064.03993,16188.16886,1,680,47,1
53821.84551,20938.92405,2,444,22,0
52685.90664,25308.67701,5,626,37,0
53511.62718,11574.56839,4,662,57,1
65916.78214,29941.50855,3,349,34,0
53685.23279,15831.01119,5,364,45,0
64346.62285,17829.06165,3,654,50,1
91131.01198,12022.30657,1,463,49,0
73066.87055,0,1,440,40,0
55109.64702,25072.36317,1,427,41,0
78018.20883,23894.75118,3,697,42,1
53878.8694,15749.37954,5,762,55,1
29428.13197,18535.92574,1,486,57,0
44878.70534,22127.51374,5,489,36,0
31938.12118,5499.633145,3,687,63,0
54727.29774,13767.57858,5,728,37,1
60276.27569,24354.11744,3,583,36,0
85146.55968,7965.684615,3,536,22,0
64903.91061,20348.46346,4,493,24,0
56713.49207,7147.345563,3,586,41,0
72441.08372,21731.43986,3,435,59,0
26832.97036,17714.86814,2,470,54,0
63534.21837,5078.945473,1,458,50,0
71562.97791,27317.91484,4,500,26,0
37821.20631,12123.26739,4,786,37,0
77156.31065,11517.9805,4,803,59,1
65077.44611,19604.55358,2,670,45,1
53770.68129,27189.0988,3,402,25,0
69491.72799,9873.425448,1,424,25,0
94060.39287,18493.4388,5,612,40,1
62727.99383,21430.532,3,757,36,1
63723.30879,23544.84486,2,529,61,0
53109.58651,19411.53244,3,496,57,0
47252.33446,15063.77729,3,722,60,0
72455.03725,11379.27823,2,470,29,0
47158.74261,18689.15106,4,681,25,0
61073.49356,9422.887904,4,472,62,0
52835.1383,0,1,752,22,1
67184.69739,21492.47843,1,649,29,1
65004.93158,25231.47873,4,793,63,0
75563.09916,0,5,303,56,0
52349.75402,9922.154362,3,392,42,0
55951.87597,22953.23409,5,305,42,0
45318.54426,34459.96376,3,587,42,0
53335.6011,18166.34966,4,445,54,0
65659.5074,12175.97647,1,723,49,1
71354.82925,16536.82847,1,756,58,1
46167.52014,28999.01135,5,501,53,0
73044.0888,12832.28657,1,511,38,0
80334.56788,11606.46395,4,305,27,0
66201.52355,14138.05182,5,675,21,1
88151.93719,10373.37113,3,746,53,1
48393.16201,18981.36253,1,405,21,0
41330.17945,30997.42767,2,700,44,0
33319.19627,20584.63418,1,395,24,0
82440.66467,15981.17198,3,687,24,1
69815.48485,15665.50985,5,751,38,1
59166.22994,5494.47353,3,715,47,1
64199.52939,25064.87822,2,803,63,0
43117.66429,17377.30242,4,753,52,0
96686.27969,16556.16069,1,590,53,0
61938.31773,43544.86054,5,833,48,0
61640.92192,20390.02327,4,492,62,0
70886.49936,11985.6716,3,449,61,0
67215.13848,14589.13923,5,814,56,1
63358.26036,27187.56567,4,692,26,0
48142.88317,18906.16328,5,615,36,0
67072.02536,6493.776173,2,375,54,0
88230.36745,25353.83148,2,569,43,0
80181.30069,12654.84732,1,524,62,0
83897.7994,32986.38221,1,829,44,0
52331.76485,26640.38453,2,412,33,0
45155.9277,14421.42483,5,550,38,0
58113.1962,28248.13089,2,532,33,0
60835.87368,18542.84408,1,382,57,0
76412.87278,24822.1894,2,424,63,0
34613.03055,21877.86254,2,474,59,0
82943.25479,11229.14676,5,368,62,0
57629.88152,12851.60134,4,346,37,0
53596.78395,26239.68654,1,555,35,0
44818.43437,15321.79734,5,329,38,0
35177.14992,14770.81229,2,580,43,0
72347.55876,10359.01937,2,536,50,0
61099.76951,21388.79252,4,547,54,0
40650.5865,34500.19935,1,667,24,0
40573.81842,9459.736686,1,794,23,0
54963.22951,18193.75565,3,324,27,0
85035.32288,29297.76444,1,789,38,0
56106.12973,17362.86887,4,793,62,1
37452.8557,21618.97437,3,613,27,0
56313.85404,9500.851775,3,674,60,1
55909.14645,21426.45678,2,324,26,0
19546.70036,16502.84588,2,633,42,0
59185.577,25885.83997,1,654,21,0
56535.98205,27499.08841,3,415,24,0
70443.09547,38716.50914,2,347,63,0
87734.34142,22637.06539,4,398,49,0
76898.47544,20606.37053,2,758,41,1
55966.66964,19555.07441,2,822,46,1
43402.11137,15174.66966,3,704,34,0
98600.39705,20707.87075,3,513,29,0
60888.27651,15636.78872,5,802,32,1
60208.93938,19347.68781,4,747,62,1
59638.12369,28540.78028,3,557,26,0
62971.27141,9947.659478,1,420,40,0
57834.59382,27119.02849,4,353,44,0
51395.0699,28536.92054,4,630,47,0
51797.11588,17055.45178,3,540,58,0
59508.70095,1025.160808,4,829,28,1
51848.62843,13137.4241,3,782,21,1
49307.31326,28375.95637,2,486,44,0
61596.45342,17817.0555,5,561,27,0
56175.34174,10005.58214,2,663,39,1
82559.89483,13961.80063,3,790,42,1
20235.45287,24724.96021,3,730,55,0
76372.60278,22373.86855,2,538,50,0
78691.27789,16088.54321,1,603,49,1
28899.14651,15065.40471,1,597,42,0
54859.68609,14865.93481,1,375,31,0
54428.38701,10620.71852,3,632,40,1
38887.32458,30923.00552,4,773,49,0
48332.74969,15421.43625,3,582,61,0
43341.36232,27737.26817,4,371,62,0
86284.05665,30170.52842,2,562,54,0
74035.1759,25986.48719,5,311,21,0
79073.32642,14547.0375,4,440,51,0
70825.08096,21229.84072,1,316,50,0
43064.22343,17806.43515,3,362,38,0
52132.19601,10770.38511,2,552,37,0
67340.61842,20594.87425,1,764,58,1
41668.08287,8567.681671,2,675,34,0
70694.97645,27501.43511,5,819,43,0
56395.11903,14283.06162,3,389,45,0
54377.68789,19609.27725,3,474,35,0
70664.39952,20266.30297,5,375,42,0
66663.94967,15928.76021,3,699,23,1
54585.50751,22693.55041,4,370,39,0
77389.94705,14200.77075,2,479,64,0
43784.05009,24970.37838,1,423,54,0
69239.0341,7232.162558,5,680,55,1
68896.51887,19011.03664,4,592,21,0
55356.80341,33511.43199,1,494,41,0
64891.99533,9997.349403,1,527,49,0
41233.29635,12578.04024,5,730,26,0
73860.40529,22111.2628,4,735,57,1
57226.46795,19436.65426,1,760,21,1
52159.15469,20805.04079,1,320,21,0
75735.13839,21913.49704,4,363,47,0
49434.84464,23077.77175,3,464,41,0
38873.08055,26877.59874,1,326,36,0
36650.5624,21278.54926,2,610,64,0
69090.14927,16069.93876,4,584,60,0
40793.55971,23380.58961,1,580,46,0
86321.91273,33199.05548,5,463,36,0
28771.05888,16938.93003,2,523,48,0
85446.84552,10203.76556,1,445,21,0
63165.26201,26856.64535,2,329,56,0
58549.30332,17036.95069,2,344,30,0
51826.2137,618.6436319,3,770,63,1
65987.04172,24779.37342,2,333,37,0
59435.47946,13717.37451,3,726,43,1
76549.52823,17275.73374,4,520,27,0
61713.41473,20655.84264,3,833,64,1
62254.52642,19523.99744,5,666,27,1
54545.81682,23675.61454,1,849,64,1
59145.81564,14516.10904,4,415,35,0
64617.02653,22104.84639,4,538,54,0
34347.47411,15923.62658,5,634,24,0
39777.21867,23910.48385,3,740,34,0
71148.96141,22922.93987,1,447,34,0
62562.98157,10516.49038,3,308,36,0
57240.24995,26687.85693,2,587,27,0
60276.509,13712.29244,3,687,52,1
65213.72558,24464.46239,4,349,39,0
51903.6048,20938.29851,1,816,22,1
48325.42912,32705.46941,3,577,30,0
62937.67883,16212.27214,1,599,37,0
45324.40834,15205.46563,1,434,57,0
66123.79134,17844.64315,2,446,32,0
34461.24594,15574.56174,2,789,26,0
75437.33456,24399.53522,4,777,42,1
67088.96224,5069.515133,5,458,52,0
63840.44601,9570.540647,1,683,61,1
74740.36476,9457.576627,5,462,40,0
84982.11667,25602.46074,4,740,21,0
75215.55098,31684.90698,1,488,26,0
32386.88653,17164.40625,1,714,39,0
40806.3455,16649.42621,5,638,38,0
50627.72133,18560.4173,3,480,26,0
60391.36575,27295.02642,2,587,53,0
67764.88531,10581.17493,3,486,43,0
49113.8428,19906.95186,5,437,43,0
62801.50147,25801.58104,2,429,46,0
48669.25601,22008.75336,3,493,33,0
50827.23296,19516.65293,2,615,27,1
38900.08355,26008.36874,1,443,35,0
46151.50131,0,3,315,64,0
39724.73092,23423.00256,2,601,47,0
45361.90121,12767.39453,2,722,46,0
75804.62695,3354.936825,2,544,53,0
45759.01667,22089.6208,3,406,35,0
99485.73097,28989.26836,4,387,56,0
67399.76851,16900.41188,3,428,47,0
62772.54186,25622.99638,5,640,25,0
47124.6333,30898.22606,3,303,22,0
70504.64819,28519.31563,2,626,53,0
51365.43261,31119.71623,1,709,36,0
61830.14722,23937.01993,3,605,43,1
98401.26807,18603.46911,3,524,58,0
58559.1015,5184.273505,2,647,36,1
77239.09989,16031.50009,1,620,34,1
49452.35362,11254.02724,1,480,49,0
59475.17264,35367.54174,5,685,46,0
86562.00953,16592.9135,3,407,55,0
50595.49413,18985.63845,1,830,35,1
87186.72837,22411.88301,1,709,23,1
70616.27903,18348.81957,4,595,43,0
51562.99836,31560.40832,4,470,49,0
69486.11609,13018.80511,1,630,54,1
74588.31674,19556.85964,5,792,53,1
69327.14943,12060.23531,1,494,61,0
36446.6292,7439.81991,2,311,61,0
49092.94236,13105.84727,3,494,43,0
56287.22047,17703.70562,5,789,27,1
58883.49856,14565.5822,2,481,23,0
69310.08146,12460.63216,5,615,52,1
62665.51501,6749.460291,2,329,51,0
39969.83462,17335.15542,3,395,38,0
65702.96777,5962.237008,3,680,63,1
69158.78618,24080.44771,4,743,27,1
68396.85672,18659.51802,2,597,61,0
76211.71088,6339.588004,4,660,21,1
72508.83232,15526.32738,2,673,34,1
66887.70119,11982.74876,4,602,52,1
58947.51433,20553.39608,3,720,26,1
35085.586,28723.60357,5,545,59,0
66444.27329,2998.620243,4,536,30,0
63115.31531,18920.20863,2,833,27,1
64073.68256,16718.93764,2,484,46,0
40848.77136,23370.72061,3,767,54,0
43784.15189,19705.57303,2,662,50,0
75797.2928,11984.24535,1,582,56,0
59406.67269,15447.56851,5,635,41,1
70222.51046,11631.79315,4,461,37,0
60424.77564,26608.05711,5,459,53,0
60446.34209,18170.49319,3,773,30,1
74074.25709,33209.52549,4,621,62,0
52259.32908,17514.71349,4,311,32,0
61441.81165,12332.74586,1,723,36,1
53065.87067,5890.284859,3,372,61,0
53482.55659,3574.88259,2,500,52,0
55362.41815,5326.912456,1,821,35,1
63332.00657,20137.01321,1,804,47,1
52818.77068,22069.80019,5,338,48,0
78836.34188,5350.474384,5,359,37,0
46580.89047,25160.30651,5,620,22,0
57196.92534,14135.51159,1,734,56,1
53404.03413,19174.3441,2,707,27,1
81704.66827,30897.76503,4,685,33,0
62948.32165,25174.71453,5,377,35,0
75477.66809,15851.75482,2,493,45,0
37716.5944,10870.4622,3,584,43,0
64005.75399,785.4767894,5,826,42,1
73344.46193,12246.77345,4,823,46,1
61234.25984,16310.95809,3,455,53,0
75982.20563,10102.56378,3,639,31,1
52240.67325,16949.94426,4,424,30,0
81140.2116,18614.81506,5,579,45,0
94483.47185,16201.15215,1,427,57,0
54557.42159,12799.97935,4,613,63,1
53317.46218,19349.23738,4,631,58,1
81800.76716,21535.5252,4,449,61,0
83693.58219,9276.80738,3,753,44,1
52157.09959,29287.45904,2,335,60,0
53697.19774,17211.29494,1,719,53,1
55773.23087,18150.79698,5,321,37,0
39833.24233,23665.71539,5,505,44,0
46220.2208,19865.72905,2,655,57,0
44937.8885,25625.09307,4,739,22,0
48483.03652,20296.99332,1,395,52,0
59479.72669,13100.501,5,463,44,0
63513.22099,20892.0282,5,447,29,0
83257.50739,8850.190341,4,829,24,1
45024.68939,18868.47765,2,593,37,0
74764.83598,17734.16007,1,494,37,0
56790.16734,16335.06514,2,779,50,1
59258.04436,16971.69991,2,422,60,0
70122.29238,2945.207636,1,699,31,1
43159.16968,13610.20074,1,751,41,0
65736.14619,18742.75921,5,403,41,0
62496.78312,19278.85114,5,761,38,1
67386.76896,9778.598873,1,695,49,1
64337.52966,28125.66273,3,636,44,0
96829.5021,11070.60121,5,441,30,0
50433.90024,25755.6576,3,616,37,0
52035.04567,21417.55489,1,826,38,1
50652.8921,12830.18152,5,700,62,1
51667.84321,32202.48714,2,609,40,0
50439.19309,8450.905346,1,794,57,1
77835.24797,25353.23339,4,408,38,0
81307.56372,26004.65854,3,671,37,0
51438.80559,12635.03833,1,505,29,0
47514.6664,29139.7224,1,342,34,0
67071.23335,15999.62788,5,544,49,0
51716.65434,20309.54903,5,586,51,0
69493.97727,20082.57471,5,654,24,1
63043.84531,16925.53007,4,775,38,1
37263.83828,24486.46619,5,382,40,0
83212.57802,24347.90976,1,409,63,0
86938.1651,4011.744214,5,489,64,0
50808.16964,28434.72194,2,550,29,0
54184.4766,4700.064096,5,590,33,0
64287.98086,26260.36963,4,500,35,0
65016.85185,27013.64109,2,625,47,0
69878.16409,9272.268558,1,810,35,1
90153.06808,14713.4857,1,708,48,1
57345.79159,9154.362652,3,807,57,1
48025.54133,16280.63176,2,371,39,0
39310.21158,15535.72573,3,546,46,0
49036.0494,24237.28426,2,643,46,0
59503.09541,28482.46997,2,353,45,0
86918.36795,29165.47049,4,827,46,0
52235.83051,13502.65579,3,831,46,1
63356.81927,16326.22501,4,492,48,0
59753.65656,4532.494462,2,357,38,0
77825.8991,11553.03947,1,736,52,1
97903.98639,25718.81306,2,410,23,0
52036.96841,30924.66259,4,428,22,0
52658.40836,8125.209025,3,625,53,1
75662.41316,13260.28593,3,307,62,0
70228.37234,17788.75394,4,328,39,0
87700.60989,20241.28927,3,411,37,0
68758.92278,11523.17184,5,430,64,0
54610.61864,21392.48836,1,487,53,0
68859.82246,14209.28522,1,774,32,1
76630.55371,17884.38183,1,663,23,1
72307.23272,22370.27398,3,503,63,0
67609.11047,18051.37816,3,511,46,0
76000.12034,14508.91288,2,575,55,0
77539.43386,17123.12157,2,372,28,0
80732.38487,17293.09633,1,542,56,0
69730.64831,15039.91176,5,401,27,0
57493.2288,15929.6315,2,470,56,0
62200.7053,30789.17736,2,487,36,0
78097.6345,22487.35558,3,740,44,1
47745.96494,15636.15746,5,385,21,0
65530.09963,23575.63524,1,775,45,1
54099.91782,15329.44408,2,351,30,0
60431.17234,27384.9971,5,410,36,0
79176.77794,20957.13754,5,342,36,0
62866.48602,17141.58285,1,510,28,0
60696.54822,21581.73541,5,499,49,0
39602.15789,5432.990783,5,325,59,0
71193.80349,8985.860249,5,598,48,0
69682.26272,8448.599949,2,376,26,0
92448.82085,19143.54476,1,436,36,0
55383.32648,31860.12,5,319,40,0
63287.25491,35850.40117,5,739,36,0
63740.75526,23104.40881,2,510,27,0
83661.7992,22006.7558,1,734,61,1
58570.56701,3591.538127,3,506,34,0
64185.32289,13658.6096,2,738,63,1
69118.44765,11697.72998,1,341,46,0
62799.13685,13033.21921,5,710,46,1
53303.49578,16654.84945,1,822,34,1
62911.34989,14223.27538,1,726,27,1
76104.47625,2165.601517,1,574,53,0
44602.27051,23983.28205,3,747,46,0
61994.54511,9418.055794,1,668,40,1
49498.18778,19913.97491,3,519,23,0
77925.69943,34592.66136,5,531,24,0
37152.19643,10644.92327,3,627,46,0
51616.17229,0,5,742,31,1
65658.17813,15711.96622,5,351,22,0
83482.86044,26807.67708,3,675,34,0
59013.74608,33666.77963,2,562,64,0
51672.0071,8163.603244,4,566,50,0
88217.35604,21973.59379,1,658,32,1
38279.79149,14277.51635,4,616,46,0
27017.91065,17152.41317,1,623,64,0
66600.21675,39154.74678,1,720,53,0
52469.18663,5976.237373,5,345,33,0
44681.50774,20029.91729,1,568,34,0
70625.34671,21741.54537,1,680,44,1
63657.01071,26686.2906,3,417,54,0
51538.82054,18783.86523,4,415,64,0
40795.43402,20464.40432,3,559,46,0
73086.85992,14866.81146,1,374,41,0
69753.01767,20153.01553,5,779,48,1
58512.36204,15254.4618,3,604,56,1
87699.55494,22972.57512,3,306,60,0
43948.72851,15043.11731,2,665,22,0
37117.12244,21016.80315,1,822,62,0
49621.37895,17765.89749,5,647,29,0
59316.20975,27008.40201,3,737,43,0
63650.09174,17588.85021,3,514,35,0
56381.45913,3815.740254,5,728,33,1
65280.83095,28095.37201,1,797,43,0
41226.90864,10754.14159,2,839,37,0
81656.46906,12769.86929,3,666,22,1
58767.73232,13234.70965,2,612,40,1
76759.43747,28995.50475,4,837,40,0
65140.8802,914.6062882,1,353,23,0
66851.29829,43101.98827,4,840,32,0
68546.5092,26448.45447,4,766,60,0
66715.6284,19785.91131,4,463,22,0
69640.8414,17560.848,1,633,56,1
79937.28795,20284.4326,1,846,34,1
62947.81755,22168.97943,5,647,36,1
70635.05636,23161.72469,2,572,39,0
58653.96459,22444.83573,2,713,54,1
81601.75823,18716.64545,5,799,64,1
49854.11547,16421.29264,5,392,26,0
87014.10649,16789.81373,4,378,33,0
59397.63074,16440.73376,5,516,56,0
38538.37347,27070.16077,3,657,42,0
61921.56622,22748.45378,2,806,38,1
49784.22514,0,5,480,32,0
72609.65323,23247.20621,3,545,50,0
50210.64031,19557.88956,3,543,60,0
53307.2485,17850.32995,3,805,27,1
31656.88904,14891.85238,3,721,52,0
53215.40521,26992.90176,4,619,39,0
23641.8101,25580.2117,3,386,26,0
36241.45765,11816.97866,4,516,40,0
71406.21984,21256.4183,4,789,47,1
71787.00238,10226.74612,3,818,63,1
66381.86343,6963.054682,2,577,57,0
45495.35785,12986.2622,3,468,27,0
59284.32966,24899.14778,3,629,25,1
59945.96191,25625.00036,3,740,31,0
42624.52966,22104.68336,2,690,35,0
82550.97453,23800.76629,1,795,23,1
73160.43436,22129.4263,1,680,25,1
56685.53739,12868.14724,4,605,43,1
60403.28758,21455.38036,4,812,57,1
63125.74212,24403.2762,2,487,29,0
29373.97697,24034.33064,5,815,35,0
56292.33926,27511.30697,1,726,23,0
49770.23628,23666.43078,4,801,49,0
44975.69985,20811.58566,1,559,26,0
55783.49561,26561.20191,2,812,37,0
86965.2979,17787.82993,2,370,46,0
69612.64292,10945.00279,5,777,41,1
51432.31515,16695.46429,5,477,28,0
68588.74172,12040.77884,2,756,41,1
